text,label
"Phim này dở ẹc, hiệu ứng đạo cụ rẻ tiền, tôi muốn đòi lại tiền.",1
"Xem xong chán ngắt, đạo diễn không có tâm, tôi rất thất vọng.",1
"Phim này phí thời gian, cốt truyện nhàm chán, tôi rất thất vọng.",1
"Xem xong dở ẹc, kịch bản lỏng lẻo, đừng phí thời gian.",1
"Bộ phim phí thời gian, đạo diễn không có tâm, tôi không thể xem hết.",1
"Phim này không thể chấp nhận được, âm nhạc không phù hợp, không nên xem.",1
"Tác phẩm tồi tệ, cốt truyện nhàm chán, đừng phí thời gian.",1
"Bộ phim tồi tệ, đạo diễn không có tâm, đừng phí thời gian.",1
"Xem xong không thể chấp nhận được, cốt truyện nhàm chán, tôi muốn đòi lại tiền.",1
"Phim này tồi tệ, cốt truyện nhàm chán, tôi rất thất vọng.",1
"Bộ phim quá tệ, đạo diễn không có tâm, tôi rất thất vọng.",1
"Phim này tồi tệ, đạo diễn không có tâm, tôi rất thất vọng.",1
"Xem xong dở ẹc, đạo diễn không có tâm, đừng phí thời gian.",1
"Xem phim phí thời gian, diễn viên diễn như gỗ, tôi không thể xem hết.",1
"Xem phim quá tệ, kịch bản lỏng lẻo, tôi rất thất vọng.",1
"Bộ phim không có gì hay, âm nhạc không phù hợp, tôi muốn đòi lại tiền.",1
"Xem xong chán ngắt, âm nhạc không phù hợp, không nên xem.",1
"Phim này chán ngắt, kịch bản lỏng lẻo, không nên xem.",1
"Bộ phim quá tệ, kịch bản lỏng lẻo, đừng phí thời gian.",1
"Xem phim chán ngắt, kịch bản lỏng lẻo, tôi không thể xem hết.",1
"Bộ phim quá tệ, diễn viên diễn như gỗ, tôi muốn đòi lại tiền.",1
"Xem phim dở ẹc, diễn viên diễn như gỗ, tôi rất thất vọng.",1
"Bộ phim không có gì hay, kịch bản lỏng lẻo, tôi không thể xem hết.",1
"Phim này không thể chấp nhận được, cốt truyện nhàm chán, không nên xem.",1
"Phim này phí thời gian, đạo diễn không có tâm, tôi không thể xem hết.",1
"Xem phim không có gì hay, hiệu ứng đạo cụ rẻ tiền, tôi không thể xem hết.",1
"Xem phim không có gì hay, đạo diễn không có tâm, tôi không thể xem hết.",1
"Tác phẩm phí thời gian, hiệu ứng đạo cụ rẻ tiền, tôi không thể xem hết.",1
"Xem xong tồi tệ, âm nhạc không phù hợp, tôi muốn đòi lại tiền.",1
"Bộ phim dở ẹc, đạo diễn không có tâm, tôi rất thất vọng.",1
"Phim này tồi tệ, kịch bản lỏng lẻo, tôi không thể xem hết.",1
"Tác phẩm kinh khủng, âm nhạc không phù hợp, tôi không thể xem hết.",1
"Bộ phim không có gì hay, kịch bản lỏng lẻo, tôi không thể xem hết.",1
"Bộ phim không thể chấp nhận được, hiệu ứng đạo cụ rẻ tiền, đừng phí thời gian.",1
"Phim này kinh khủng, đạo diễn không có tâm, không nên xem.",1
"Phim này không có gì hay, đạo diễn không có tâm, không nên xem.",1
"Xem phim không có gì hay, kịch bản lỏng lẻo, đừng phí thời gian.",1
"Bộ phim phí thời gian, cốt truyện nhàm chán, tôi muốn đòi lại tiền.",1
"Tác phẩm tồi tệ, kịch bản lỏng lẻo, đừng phí thời gian.",1
"Tác phẩm phí thời gian, cốt truyện nhàm chán, tôi không thể xem hết.",1
"Tác phẩm không có gì hay, cốt truyện nhàm chán, tôi muốn đòi lại tiền.",1
"Phim này kinh khủng, âm nhạc không phù hợp, tôi muốn đòi lại tiền.",1
"Xem phim chán ngắt, diễn viên diễn như gỗ, không nên xem.",1
"Xem xong quá tệ, âm nhạc không phù hợp, đừng phí thời gian.",1
"Tác phẩm tồi tệ, kịch bản lỏng lẻo, không nên xem.",1
"Phim này tồi tệ, đạo diễn không có tâm, không nên xem.",1
"Xem xong kinh khủng, cốt truyện nhàm chán, tôi rất thất vọng.",1
"Xem xong dở ẹc, âm nhạc không phù hợp, tôi rất thất vọng.",1
"Xem phim phí thời gian, kịch bản lỏng lẻo, không nên xem.",1
"Tác phẩm tồi tệ, âm nhạc không phù hợp, không nên xem.",1
"Bộ phim không có gì hay, kịch bản lỏng lẻo, không nên xem.",1
"Bộ phim không thể chấp nhận được, diễn viên diễn như gỗ, không nên xem.",1
"Xem xong chán ngắt, diễn viên diễn như gỗ, tôi không thể xem hết.",1
"Phim này quá tệ, kịch bản lỏng lẻo, tôi không thể xem hết.",1
"Xem phim dở ẹc, hiệu ứng đạo cụ rẻ tiền, không nên xem.",1
"Phim này dở ẹc, diễn viên diễn như gỗ, tôi không thể xem hết.",1
"Bộ phim tồi tệ, kịch bản lỏng lẻo, tôi rất thất vọng.",1
"Tác phẩm phí thời gian, hiệu ứng đạo cụ rẻ tiền, đừng phí thời gian.",1
"Tác phẩm phí thời gian, cốt truyện nhàm chán, không nên xem.",1
"Tác phẩm dở ẹc, kịch bản lỏng lẻo, tôi rất thất vọng.",1
"Xem phim kinh khủng, hiệu ứng đạo cụ rẻ tiền, đừng phí thời gian.",1
"Phim này không có gì hay, âm nhạc không phù hợp, tôi không thể xem hết.",1
"Bộ phim chán ngắt, kịch bản lỏng lẻo, tôi muốn đòi lại tiền.",1
"Tác phẩm dở ẹc, cốt truyện nhàm chán, tôi rất thất vọng.",1
"Xem phim chán ngắt, đạo diễn không có tâm, đừng phí thời gian.",1
"Phim này kinh khủng, kịch bản lỏng lẻo, tôi không thể xem hết.",1
"Tác phẩm dở ẹc, đạo diễn không có tâm, không nên xem.",1
"Tác phẩm kinh khủng, âm nhạc không phù hợp, tôi rất thất vọng.",1
"Xem xong chán ngắt, hiệu ứng đạo cụ rẻ tiền, tôi muốn đòi lại tiền.",1
"Bộ phim phí thời gian, diễn viên diễn như gỗ, tôi rất thất vọng.",1
"Phim này không thể chấp nhận được, cốt truyện nhàm chán, tôi không thể xem hết.",1
"Xem phim quá tệ, cốt truyện nhàm chán, tôi không thể xem hết.",1
"Phim này kinh khủng, diễn viên diễn như gỗ, tôi muốn đòi lại tiền.",1
"Phim này không có gì hay, diễn viên diễn như gỗ, không nên xem.",1
"Bộ phim tồi tệ, hiệu ứng đạo cụ rẻ tiền, đừng phí thời gian.",1
"Xem xong chán ngắt, cốt truyện nhàm chán, không nên xem.",1
"Tác phẩm kinh khủng, đạo diễn không có tâm, tôi muốn đòi lại tiền.",1
"Xem phim phí thời gian, cốt truyện nhàm chán, tôi không thể xem hết.",1
"Phim này dở ẹc, âm nhạc không phù hợp, đừng phí thời gian.",1
"Xem xong chán ngắt, cốt truyện nhàm chán, tôi không thể xem hết.",1
"Bộ phim tồi tệ, hiệu ứng đạo cụ rẻ tiền, tôi rất thất vọng.",1
"Xem xong phí thời gian, hiệu ứng đạo cụ rẻ tiền, tôi không thể xem hết.",1
"Xem xong không thể chấp nhận được, kịch bản lỏng lẻo, tôi không thể xem hết.",1
"Phim này kinh khủng, cốt truyện nhàm chán, tôi muốn đòi lại tiền.",1
"Bộ phim không thể chấp nhận được, kịch bản lỏng lẻo, tôi không thể xem hết.",1
"Phim này tồi tệ, âm nhạc không phù hợp, không nên xem.",1
"Phim này kinh khủng, cốt truyện nhàm chán, tôi không thể xem hết.",1
"Xem xong phí thời gian, đạo diễn không có tâm, tôi rất thất vọng.",1
"Xem xong kinh khủng, diễn viên diễn như gỗ, đừng phí thời gian.",1
"Xem xong không có gì hay, đạo diễn không có tâm, đừng phí thời gian.",1
"Xem xong không có gì hay, âm nhạc không phù hợp, không nên xem.",1
"Xem phim không thể chấp nhận được, kịch bản lỏng lẻo, tôi rất thất vọng.",1
"Tác phẩm phí thời gian, hiệu ứng đạo cụ rẻ tiền, không nên xem.",1
"Xem xong tồi tệ, diễn viên diễn như gỗ, tôi không thể xem hết.",1
"Xem xong không có gì hay, đạo diễn không có tâm, tôi không thể xem hết.",1
"Bộ phim chán ngắt, đạo diễn không có tâm, tôi không thể xem hết.",1
"Bộ phim chán ngắt, kịch bản lỏng lẻo, tôi không thể xem hết.",1
"Xem xong không có gì hay, kịch bản lỏng lẻo, đừng phí thời gian.",1
"Bộ phim không thể chấp nhận được, đạo diễn không có tâm, đừng phí thời gian.",1
"Bộ phim kinh khủng, hiệu ứng đạo cụ rẻ tiền, tôi không thể xem hết.",1
"Phim này tồi tệ, kịch bản lỏng lẻo, đừng phí thời gian.",1
"Xem phim không có gì hay, cốt truyện nhàm chán, không nên xem.",1
"Xem xong chán ngắt, cốt truyện nhàm chán, tôi không thể xem hết.",1
"Tác phẩm tồi tệ, diễn viên diễn như gỗ, không nên xem.",1
"Bộ phim tồi tệ, kịch bản lỏng lẻo, đừng phí thời gian.",1
"Xem phim kinh khủng, diễn viên diễn như gỗ, không nên xem.",1
"Xem phim kinh khủng, hiệu ứng đạo cụ rẻ tiền, tôi không thể xem hết.",1
"Xem phim phí thời gian, kịch bản lỏng lẻo, tôi rất thất vọng.",1
"Xem phim không có gì hay, đạo diễn không có tâm, tôi rất thất vọng.",1
"Tác phẩm không có gì hay, âm nhạc không phù hợp, không nên xem.",1
"Bộ phim quá tệ, đạo diễn không có tâm, không nên xem.",1
"Bộ phim tồi tệ, kịch bản lỏng lẻo, tôi không thể xem hết.",1
"Phim này phí thời gian, hiệu ứng đạo cụ rẻ tiền, không nên xem.",1
"Tác phẩm phí thời gian, diễn viên diễn như gỗ, tôi rất thất vọng.",1
"Xem phim phí thời gian, hiệu ứng đạo cụ rẻ tiền, đừng phí thời gian.",1
"Bộ phim không có gì hay, kịch bản lỏng lẻo, tôi rất thất vọng.",1
"Xem xong phí thời gian, cốt truyện nhàm chán, đừng phí thời gian.",1
"Tác phẩm kinh khủng, diễn viên diễn như gỗ, không nên xem.",1
"Bộ phim kinh khủng, đạo diễn không có tâm, không nên xem.",1
"Bộ phim dở ẹc, cốt truyện nhàm chán, tôi không thể xem hết.",1
"Phim này chán ngắt, âm nhạc không phù hợp, tôi muốn đòi lại tiền.",1
"Xem xong quá tệ, diễn viên diễn như gỗ, tôi muốn đòi lại tiền.",1
"Xem xong không có gì hay, cốt truyện nhàm chán, tôi rất thất vọng.",1
"Bộ phim không thể chấp nhận được, kịch bản lỏng lẻo, đừng phí thời gian.",1
"Xem phim không thể chấp nhận được, diễn viên diễn như gỗ, tôi muốn đòi lại tiền.",1
"Xem phim phí thời gian, diễn viên diễn như gỗ, tôi rất thất vọng.",1
"Xem xong dở ẹc, kịch bản lỏng lẻo, không nên xem.",1
"Xem xong không thể chấp nhận được, kịch bản lỏng lẻo, tôi không thể xem hết.",1
"Xem xong chán ngắt, cốt truyện nhàm chán, tôi rất thất vọng.",1
"Phim này phí thời gian, diễn viên diễn như gỗ, tôi rất thất vọng.",1
"Xem phim kinh khủng, kịch bản lỏng lẻo, tôi muốn đòi lại tiền.",1
"Xem phim tồi tệ, kịch bản lỏng lẻo, tôi không thể xem hết.",1
"Phim này kinh khủng, hiệu ứng đạo cụ rẻ tiền, đừng phí thời gian.",1
"Phim này tồi tệ, hiệu ứng đạo cụ rẻ tiền, không nên xem.",1
"Tác phẩm phí thời gian, đạo diễn không có tâm, tôi không thể xem hết.",1
"Bộ phim chán ngắt, kịch bản lỏng lẻo, tôi không thể xem hết.",1
"Phim này kinh khủng, hiệu ứng đạo cụ rẻ tiền, tôi không thể xem hết.",1
"Bộ phim kinh khủng, âm nhạc không phù hợp, tôi không thể xem hết.",1
"Tác phẩm không có gì hay, hiệu ứng đạo cụ rẻ tiền, đừng phí thời gian.",1
"Phim này quá tệ, cốt truyện nhàm chán, không nên xem.",1
"Bộ phim dở ẹc, kịch bản lỏng lẻo, tôi không thể xem hết.",1
"Xem xong quá tệ, âm nhạc không phù hợp, đừng phí thời gian.",1
"Xem phim không có gì hay, đạo diễn không có tâm, không nên xem.",1
"Bộ phim không có gì hay, kịch bản lỏng lẻo, tôi không thể xem hết.",1
"Xem xong tồi tệ, đạo diễn không có tâm, không nên xem.",1
"Tác phẩm không có gì hay, kịch bản lỏng lẻo, tôi muốn đòi lại tiền.",1
"Phim này phí thời gian, diễn viên diễn như gỗ, tôi muốn đòi lại tiền.",1
"Xem phim chán ngắt, hiệu ứng đạo cụ rẻ tiền, tôi rất thất vọng.",1
"Phim này chán ngắt, đạo diễn không có tâm, tôi muốn đòi lại tiền.",1
"Bộ phim không có gì hay, cốt truyện nhàm chán, đừng phí thời gian.",1
"Tác phẩm không thể chấp nhận được, âm nhạc không phù hợp, không nên xem.",1
"Bộ phim không có gì hay, diễn viên diễn như gỗ, tôi rất thất vọng.",1
"Xem xong dở ẹc, đạo diễn không có tâm, không nên xem.",1
"Xem xong dở ẹc, diễn viên diễn như gỗ, tôi rất thất vọng.",1
"Phim này không thể chấp nhận được, hiệu ứng đạo cụ rẻ tiền, tôi muốn đòi lại tiền.",1
"Tác phẩm không có gì hay, âm nhạc không phù hợp, đừng phí thời gian.",1
"Xem phim chán ngắt, kịch bản lỏng lẻo, đừng phí thời gian.",1
"Phim này kinh khủng, hiệu ứng đạo cụ rẻ tiền, tôi không thể xem hết.",1
"Xem xong không thể chấp nhận được, cốt truyện nhàm chán, đừng phí thời gian.",1
"Phim này dở ẹc, hiệu ứng đạo cụ rẻ tiền, không nên xem.",1
"Xem phim quá tệ, cốt truyện nhàm chán, tôi rất thất vọng.",1
"Phim này chán ngắt, kịch bản lỏng lẻo, tôi muốn đòi lại tiền.",1
"Tác phẩm phí thời gian, hiệu ứng đạo cụ rẻ tiền, tôi không thể xem hết.",1
"Tác phẩm không thể chấp nhận được, diễn viên diễn như gỗ, không nên xem.",1
"Bộ phim tồi tệ, đạo diễn không có tâm, tôi muốn đòi lại tiền.",1
"Tác phẩm kinh khủng, cốt truyện nhàm chán, tôi muốn đòi lại tiền.",1
"Bộ phim dở ẹc, đạo diễn không có tâm, không nên xem.",1
"Xem xong không có gì hay, diễn viên diễn như gỗ, tôi không thể xem hết.",1
"Phim này kinh khủng, âm nhạc không phù hợp, không nên xem.",1
"Phim này dở ẹc, đạo diễn không có tâm, tôi rất thất vọng.",1
"Tác phẩm không có gì hay, âm nhạc không phù hợp, tôi không thể xem hết.",1
"Tác phẩm kinh khủng, diễn viên diễn như gỗ, không nên xem.",1
"Phim này kinh khủng, âm nhạc không phù hợp, tôi không thể xem hết.",1
"Xem phim chán ngắt, diễn viên diễn như gỗ, đừng phí thời gian.",1
"Xem xong kinh khủng, diễn viên diễn như gỗ, đừng phí thời gian.",1
"Phim này không có gì hay, cốt truyện nhàm chán, đừng phí thời gian.",1
"Phim này kinh khủng, đạo diễn không có tâm, tôi không thể xem hết.",1
"Xem phim không thể chấp nhận được, diễn viên diễn như gỗ, không nên xem.",1
"Xem xong không có gì hay, diễn viên diễn như gỗ, tôi muốn đòi lại tiền.",1
"Phim này chán ngắt, kịch bản lỏng lẻo, đừng phí thời gian.",1
"Tác phẩm kinh khủng, kịch bản lỏng lẻo, tôi không thể xem hết.",1
"Xem phim quá tệ, kịch bản lỏng lẻo, tôi không thể xem hết.",1
"Xem xong tồi tệ, đạo diễn không có tâm, tôi rất thất vọng.",1
"Xem xong dở ẹc, cốt truyện nhàm chán, tôi không thể xem hết.",1
"Tác phẩm không thể chấp nhận được, cốt truyện nhàm chán, tôi không thể xem hết.",1
"Bộ phim không có gì hay, diễn viên diễn như gỗ, tôi muốn đòi lại tiền.",1
"Xem xong dở ẹc, cốt truyện nhàm chán, tôi muốn đòi lại tiền.",1
"Phim này phí thời gian, đạo diễn không có tâm, không nên xem.",1
"Xem xong kinh khủng, cốt truyện nhàm chán, không nên xem.",1
"Bộ phim phí thời gian, diễn viên diễn như gỗ, đừng phí thời gian.",1
"Phim này phí thời gian, diễn viên diễn như gỗ, tôi không thể xem hết.",1
"Xem phim tồi tệ, kịch bản lỏng lẻo, tôi muốn đòi lại tiền.",1
"Xem phim không thể chấp nhận được, diễn viên diễn như gỗ, tôi không thể xem hết.",1
"Phim này tồi tệ, đạo diễn không có tâm, tôi muốn đòi lại tiền.",1
"Tác phẩm quá tệ, hiệu ứng đạo cụ rẻ tiền, không nên xem.",1
"Bộ phim tồi tệ, kịch bản lỏng lẻo, tôi rất thất vọng.",1
"Bộ phim dở ẹc, hiệu ứng đạo cụ rẻ tiền, không nên xem.",1
"Tác phẩm quá tệ, âm nhạc không phù hợp, tôi không thể xem hết.",1
"Xem xong dở ẹc, âm nhạc không phù hợp, đừng phí thời gian.",1
"Phim này phí thời gian, đạo diễn không có tâm, tôi không thể xem hết.",1
"Xem phim dở ẹc, hiệu ứng đạo cụ rẻ tiền, tôi rất thất vọng.",1
"Tác phẩm không thể chấp nhận được, âm nhạc không phù hợp, không nên xem.",1
"Tác phẩm kinh khủng, kịch bản lỏng lẻo, tôi không thể xem hết.",1
"Xem xong tồi tệ, diễn viên diễn như gỗ, tôi muốn đòi lại tiền.",1
"Phim này phí thời gian, diễn viên diễn như gỗ, tôi không thể xem hết.",1
"Bộ phim chán ngắt, cốt truyện nhàm chán, tôi rất thất vọng.",1
"Xem xong phí thời gian, âm nhạc không phù hợp, tôi rất thất vọng.",1
"Phim này không thể chấp nhận được, âm nhạc không phù hợp, đừng phí thời gian.",1
"Xem phim chán ngắt, âm nhạc không phù hợp, tôi muốn đòi lại tiền.",1
"Xem xong chán ngắt, kịch bản lỏng lẻo, tôi muốn đòi lại tiền.",1
"Bộ phim không có gì hay, hiệu ứng đạo cụ rẻ tiền, tôi rất thất vọng.",1
"Xem xong chán ngắt, âm nhạc không phù hợp, tôi không thể xem hết.",1
"Bộ phim không có gì hay, kịch bản lỏng lẻo, tôi không thể xem hết.",1
"Tác phẩm phí thời gian, cốt truyện nhàm chán, đừng phí thời gian.",1
"Bộ phim không thể chấp nhận được, đạo diễn không có tâm, tôi không thể xem hết.",1
"Xem phim phí thời gian, đạo diễn không có tâm, đừng phí thời gian.",1
"Phim này không thể chấp nhận được, đạo diễn không có tâm, tôi không thể xem hết.",1
"Bộ phim phí thời gian, cốt truyện nhàm chán, đừng phí thời gian.",1
"Xem phim quá tệ, cốt truyện nhàm chán, đừng phí thời gian.",1
"Xem xong kinh khủng, kịch bản lỏng lẻo, không nên xem.",1
"Bộ phim không thể chấp nhận được, cốt truyện nhàm chán, tôi rất thất vọng.",1
"Bộ phim tồi tệ, diễn viên diễn như gỗ, tôi rất thất vọng.",1
"Bộ phim chán ngắt, hiệu ứng đạo cụ rẻ tiền, không nên xem.",1
"Xem phim quá tệ, kịch bản lỏng lẻo, không nên xem.",1
"Tác phẩm tồi tệ, âm nhạc không phù hợp, tôi muốn đòi lại tiền.",1
"Bộ phim phí thời gian, kịch bản lỏng lẻo, đừng phí thời gian.",1
"Tác phẩm tồi tệ, đạo diễn không có tâm, đừng phí thời gian.",1
"Xem xong tồi tệ, kịch bản lỏng lẻo, không nên xem.",1
"Bộ phim phí thời gian, diễn viên diễn như gỗ, đừng phí thời gian.",1
"Xem xong kinh khủng, diễn viên diễn như gỗ, đừng phí thời gian.",1
"Phim này dở ẹc, kịch bản lỏng lẻo, đừng phí thời gian.",1
"Xem xong tồi tệ, diễn viên diễn như gỗ, tôi muốn đòi lại tiền.",1
"Phim này tồi tệ, hiệu ứng đạo cụ rẻ tiền, tôi không thể xem hết.",1
"Xem xong kinh khủng, cốt truyện nhàm chán, đừng phí thời gian.",1
"Bộ phim chán ngắt, hiệu ứng đạo cụ rẻ tiền, tôi muốn đòi lại tiền.",1
"Xem phim kinh khủng, kịch bản lỏng lẻo, không nên xem.",1
"Xem phim chán ngắt, diễn viên diễn như gỗ, tôi muốn đòi lại tiền.",1
"Tác phẩm quá tệ, âm nhạc không phù hợp, đừng phí thời gian.",1
"Xem phim kinh khủng, diễn viên diễn như gỗ, không nên xem.",1
"Bộ phim kinh khủng, kịch bản lỏng lẻo, tôi không thể xem hết.",1
"Xem phim không có gì hay, kịch bản lỏng lẻo, tôi muốn đòi lại tiền.",1
"Xem xong chán ngắt, diễn viên diễn như gỗ, tôi muốn đòi lại tiền.",1
"Bộ phim chán ngắt, diễn viên diễn như gỗ, tôi muốn đòi lại tiền.",1
"Phim này kinh khủng, diễn viên diễn như gỗ, đừng phí thời gian.",1
"Xem xong quá tệ, âm nhạc không phù hợp, tôi muốn đòi lại tiền.",1
"Xem phim không có gì hay, âm nhạc không phù hợp, đừng phí thời gian.",1
"Tác phẩm không có gì hay, diễn viên diễn như gỗ, đừng phí thời gian.",1
"Xem xong không có gì hay, cốt truyện nhàm chán, không nên xem.",1
"Bộ phim tồi tệ, diễn viên diễn như gỗ, đừng phí thời gian.",1
"Xem xong phí thời gian, hiệu ứng đạo cụ rẻ tiền, tôi không thể xem hết.",1
"Phim này tồi tệ, âm nhạc không phù hợp, tôi không thể xem hết.",1
"Tác phẩm phí thời gian, hiệu ứng đạo cụ rẻ tiền, đừng phí thời gian.",1
"Xem xong chán ngắt, hiệu ứng đạo cụ rẻ tiền, đừng phí thời gian.",1
"Tác phẩm kinh khủng, đạo diễn không có tâm, không nên xem.",1
"Tác phẩm quá tệ, hiệu ứng đạo cụ rẻ tiền, đừng phí thời gian.",1
"Bộ phim chán ngắt, âm nhạc không phù hợp, tôi muốn đòi lại tiền.",1
"Xem phim dở ẹc, diễn viên diễn như gỗ, tôi muốn đòi lại tiền.",1
"Xem phim tồi tệ, kịch bản lỏng lẻo, tôi rất thất vọng.",1
"Xem xong tồi tệ, âm nhạc không phù hợp, tôi rất thất vọng.",1
"Xem phim quá tệ, kịch bản lỏng lẻo, không nên xem.",1
"Phim này chán ngắt, âm nhạc không phù hợp, đừng phí thời gian.",1
"Tác phẩm không có gì hay, đạo diễn không có tâm, tôi rất thất vọng.",1
"Phim này không có gì hay, cốt truyện nhàm chán, tôi muốn đòi lại tiền.",1
"Phim này chán ngắt, hiệu ứng đạo cụ rẻ tiền, tôi rất thất vọng.",1
"Phim này tồi tệ, cốt truyện nhàm chán, tôi rất thất vọng.",1
"Bộ phim kinh khủng, cốt truyện nhàm chán, tôi muốn đòi lại tiền.",1
"Bộ phim tồi tệ, hiệu ứng đạo cụ rẻ tiền, tôi muốn đòi lại tiền.",1
"Xem phim chán ngắt, diễn viên diễn như gỗ, không nên xem.",1
"Tác phẩm kinh khủng, kịch bản lỏng lẻo, đừng phí thời gian.",1
"Xem xong không thể chấp nhận được, diễn viên diễn như gỗ, tôi rất thất vọng.",1
"Tác phẩm quá tệ, đạo diễn không có tâm, đừng phí thời gian.",1
"Phim này kinh khủng, kịch bản lỏng lẻo, tôi muốn đòi lại tiền.",1
"Xem phim tồi tệ, âm nhạc không phù hợp, tôi muốn đòi lại tiền.",1
"Phim này kinh khủng, âm nhạc không phù hợp, tôi rất thất vọng.",1
"Xem phim không thể chấp nhận được, đạo diễn không có tâm, tôi rất thất vọng.",1
"Tác phẩm không thể chấp nhận được, hiệu ứng đạo cụ rẻ tiền, tôi không thể xem hết.",1
"Phim này dở ẹc, hiệu ứng đạo cụ rẻ tiền, đừng phí thời gian.",1
"Bộ phim dở ẹc, đạo diễn không có tâm, tôi rất thất vọng.",1
"Phim này phí thời gian, đạo diễn không có tâm, không nên xem.",1
"Phim này dở ẹc, kịch bản lỏng lẻo, tôi rất thất vọng.",1
"Xem xong dở ẹc, đạo diễn không có tâm, tôi không thể xem hết.",1
"Xem xong phí thời gian, hiệu ứng đạo cụ rẻ tiền, tôi không thể xem hết.",1
"Tác phẩm chán ngắt, cốt truyện nhàm chán, tôi rất thất vọng.",1
"Tác phẩm dở ẹc, đạo diễn không có tâm, không nên xem.",1
"Xem xong không thể chấp nhận được, cốt truyện nhàm chán, tôi rất thất vọng.",1
"Xem xong tồi tệ, kịch bản lỏng lẻo, không nên xem.",1
"Xem xong quá tệ, đạo diễn không có tâm, đừng phí thời gian.",1
"Xem phim không có gì hay, âm nhạc không phù hợp, tôi muốn đòi lại tiền.",1
"Bộ phim tồi tệ, cốt truyện nhàm chán, tôi rất thất vọng.",1
"Phim này dở ẹc, đạo diễn không có tâm, đừng phí thời gian.",1
"Tác phẩm kinh khủng, diễn viên diễn như gỗ, tôi rất thất vọng.",1
"Phim này quá tệ, hiệu ứng đạo cụ rẻ tiền, tôi rất thất vọng.",1
"Xem xong dở ẹc, diễn viên diễn như gỗ, đừng phí thời gian.",1
"Tác phẩm phí thời gian, đạo diễn không có tâm, đừng phí thời gian.",1
"Bộ phim quá tệ, diễn viên diễn như gỗ, tôi muốn đòi lại tiền.",1
"Tác phẩm không có gì hay, đạo diễn không có tâm, tôi muốn đòi lại tiền.",1
"Phim này phí thời gian, âm nhạc không phù hợp, đừng phí thời gian.",1
"Bộ phim không có gì hay, kịch bản lỏng lẻo, tôi muốn đòi lại tiền.",1
"Phim này phí thời gian, diễn viên diễn như gỗ, không nên xem.",1
"Bộ phim không có gì hay, hiệu ứng đạo cụ rẻ tiền, tôi rất thất vọng.",1
"Tác phẩm phí thời gian, đạo diễn không có tâm, tôi rất thất vọng.",1
"Phim này dở ẹc, kịch bản lỏng lẻo, tôi muốn đòi lại tiền.",1
"Phim này chán ngắt, diễn viên diễn như gỗ, không nên xem.",1
"Bộ phim không thể chấp nhận được, cốt truyện nhàm chán, tôi không thể xem hết.",1
"Xem xong chán ngắt, âm nhạc không phù hợp, đừng phí thời gian.",1
"Tác phẩm không có gì hay, kịch bản lỏng lẻo, đừng phí thời gian.",1
"Xem phim tồi tệ, hiệu ứng đạo cụ rẻ tiền, không nên xem.",1
"Tác phẩm dở ẹc, âm nhạc không phù hợp, tôi muốn đòi lại tiền.",1
"Xem phim chán ngắt, đạo diễn không có tâm, đừng phí thời gian.",1
"Xem phim phí thời gian, cốt truyện nhàm chán, tôi không thể xem hết.",1
"Xem phim kinh khủng, âm nhạc không phù hợp, không nên xem.",1
"Tác phẩm tồi tệ, diễn viên diễn như gỗ, tôi rất thất vọng.",1
"Bộ phim quá tệ, hiệu ứng đạo cụ rẻ tiền, không nên xem.",1
"Bộ phim kinh khủng, cốt truyện nhàm chán, đừng phí thời gian.",1
"Xem phim quá tệ, kịch bản lỏng lẻo, tôi muốn đòi lại tiền.",1
"Bộ phim không thể chấp nhận được, kịch bản lỏng lẻo, tôi rất thất vọng.",1
"Phim này phí thời gian, diễn viên diễn như gỗ, tôi không thể xem hết.",1
"Bộ phim không thể chấp nhận được, diễn viên diễn như gỗ, đừng phí thời gian.",1
"Xem xong không thể chấp nhận được, diễn viên diễn như gỗ, không nên xem.",1
"Xem xong tồi tệ, hiệu ứng đạo cụ rẻ tiền, tôi muốn đòi lại tiền.",1
"Xem xong chán ngắt, hiệu ứng đạo cụ rẻ tiền, tôi muốn đòi lại tiền.",1
"Phim này phí thời gian, đạo diễn không có tâm, tôi không thể xem hết.",1
"Tác phẩm tồi tệ, cốt truyện nhàm chán, đừng phí thời gian.",1
"Bộ phim tồi tệ, hiệu ứng đạo cụ rẻ tiền, tôi không thể xem hết.",1
"Xem xong không có gì hay, âm nhạc không phù hợp, tôi rất thất vọng.",1
"Xem xong tồi tệ, diễn viên diễn như gỗ, đừng phí thời gian.",1
"Phim này phí thời gian, diễn viên diễn như gỗ, đừng phí thời gian.",1
"Tác phẩm quá tệ, diễn viên diễn như gỗ, đừng phí thời gian.",1
"Tác phẩm chán ngắt, kịch bản lỏng lẻo, tôi không thể xem hết.",1
"Bộ phim dở ẹc, hiệu ứng đạo cụ rẻ tiền, tôi muốn đòi lại tiền.",1
"Xem xong kinh khủng, diễn viên diễn như gỗ, tôi muốn đòi lại tiền.",1
"Phim này không thể chấp nhận được, kịch bản lỏng lẻo, đừng phí thời gian.",1
"Bộ phim không có gì hay, diễn viên diễn như gỗ, tôi rất thất vọng.",1
"Xem xong hơi thất vọng, diễn viên diễn chưa tốt, nhưng không đáng để xem lại.",2
"Bộ phim hơi chán, cốt truyện không hấp dẫn, nhưng không có gì nổi bật.",2
"Xem phim không hay lắm, cốt truyện không hấp dẫn, nhưng cũng không quá tệ.",2
"Tác phẩm không có gì đặc biệt, cốt truyện không hấp dẫn, nhưng không đáng để xem lại.",2
"Phim này không ấn tượng, diễn viên diễn chưa tốt, nhưng cũng không quá tệ.",2
"Bộ phim không như mong đợi, âm nhạc không phù hợp, nhưng không đáng để xem lại.",2
"Bộ phim hơi chán, kịch bản hơi đơn điệu, nhưng cũng không quá tệ.",2
"Bộ phim không ấn tượng, âm nhạc không phù hợp, nhưng vẫn có thể xem được.",2
"Tác phẩm hơi chán, cảnh quay không đẹp, nhưng không đáng để xem lại.",2
"Tác phẩm hơi thất vọng, diễn viên diễn chưa tốt, nhưng cũng không quá tệ.",2
"Phim này không ấn tượng, cảnh quay không đẹp, nhưng không có gì nổi bật.",2
"Xem xong không như mong đợi, âm nhạc không phù hợp, nhưng không đáng để xem lại.",2
"Xem xong không như mong đợi, âm nhạc không phù hợp, nhưng vẫn có thể xem được.",2
"Xem xong không như mong đợi, phim hơi dài dòng, nhưng cũng không quá tệ.",2
"Xem xong hơi thất vọng, cảnh quay không đẹp, nhưng không đáng để xem lại.",2
"Xem phim hơi thất vọng, phim hơi dài dòng, nhưng vẫn có thể xem được.",2
"Xem xong không có gì đặc biệt, cốt truyện không hấp dẫn, nhưng cũng không quá tệ.",2
"Tác phẩm không hay lắm, cảnh quay không đẹp, nhưng không đáng để xem lại.",2
"Tác phẩm hơi thất vọng, diễn viên diễn chưa tốt, nhưng không đáng để xem lại.",2
"Xem xong không có gì đặc biệt, kịch bản hơi đơn điệu, nhưng cũng không quá tệ.",2
"Bộ phim hơi chán, diễn viên diễn chưa tốt, nhưng không đáng để xem lại.",2
"Bộ phim không hay lắm, kịch bản hơi đơn điệu, nhưng không đáng để xem lại.",2
"Xem phim không như mong đợi, cảnh quay không đẹp, nhưng cũng không quá tệ.",2
"Bộ phim hơi chán, cảnh quay không đẹp, nhưng không có gì nổi bật.",2
"Phim này không ấn tượng, cảnh quay không đẹp, nhưng không có gì nổi bật.",2
"Bộ phim không có gì đặc biệt, âm nhạc không phù hợp, nhưng không có gì nổi bật.",2
"Xem phim hơi chán, diễn viên diễn chưa tốt, nhưng cũng không quá tệ.",2
"Xem xong hơi thất vọng, cảnh quay không đẹp, nhưng không đáng để xem lại.",2
"Tác phẩm hơi chán, cảnh quay không đẹp, nhưng không có gì nổi bật.",2
"Phim này không có gì đặc biệt, âm nhạc không phù hợp, nhưng không đáng để xem lại.",2
"Phim này không hay lắm, diễn viên diễn chưa tốt, nhưng vẫn có thể xem được.",2
"Xem xong hơi chán, cốt truyện không hấp dẫn, nhưng không có gì nổi bật.",2
"Tác phẩm không ấn tượng, cốt truyện không hấp dẫn, nhưng vẫn có thể xem được.",2
"Bộ phim không như mong đợi, cảnh quay không đẹp, nhưng cũng không quá tệ.",2
"Bộ phim không có gì đặc biệt, cốt truyện không hấp dẫn, nhưng cũng không quá tệ.",2
"Xem xong hơi thất vọng, cốt truyện không hấp dẫn, nhưng cũng không quá tệ.",2
"Tác phẩm không hay lắm, diễn viên diễn chưa tốt, nhưng cũng không quá tệ.",2
"Xem phim không có gì đặc biệt, kịch bản hơi đơn điệu, nhưng cũng không quá tệ.",2
"Phim này hơi chán, cảnh quay không đẹp, nhưng cũng không quá tệ.",2
"Tác phẩm không hay lắm, phim hơi dài dòng, nhưng không đáng để xem lại.",2
"Xem xong hơi chán, diễn viên diễn chưa tốt, nhưng cũng không quá tệ.",2
"Phim này hơi thất vọng, phim hơi dài dòng, nhưng vẫn có thể xem được.",2
"Bộ phim không như mong đợi, phim hơi dài dòng, nhưng cũng không quá tệ.",2
"Phim này hơi thất vọng, cốt truyện không hấp dẫn, nhưng không có gì nổi bật.",2
"Bộ phim hơi thất vọng, phim hơi dài dòng, nhưng không đáng để xem lại.",2
"Phim này không như mong đợi, cốt truyện không hấp dẫn, nhưng vẫn có thể xem được.",2
"Xem phim không có gì đặc biệt, kịch bản hơi đơn điệu, nhưng không đáng để xem lại.",2
"Xem xong không hay lắm, diễn viên diễn chưa tốt, nhưng cũng không quá tệ.",2
"Phim này không hay lắm, kịch bản hơi đơn điệu, nhưng vẫn có thể xem được.",2
"Bộ phim không như mong đợi, kịch bản hơi đơn điệu, nhưng cũng không quá tệ.",2
"Xem xong hơi chán, cảnh quay không đẹp, nhưng không đáng để xem lại.",2
"Xem xong không ấn tượng, cốt truyện không hấp dẫn, nhưng không đáng để xem lại.",2
"Xem phim không có gì đặc biệt, diễn viên diễn chưa tốt, nhưng cũng không quá tệ.",2
"Xem phim không hay lắm, diễn viên diễn chưa tốt, nhưng vẫn có thể xem được.",2
"Xem xong không như mong đợi, cảnh quay không đẹp, nhưng cũng không quá tệ.",2
"Bộ phim hơi chán, cốt truyện không hấp dẫn, nhưng cũng không quá tệ.",2
"Bộ phim không ấn tượng, cảnh quay không đẹp, nhưng cũng không quá tệ.",2
"Phim này không như mong đợi, phim hơi dài dòng, nhưng vẫn có thể xem được.",2
"Bộ phim không ấn tượng, kịch bản hơi đơn điệu, nhưng vẫn có thể xem được.",2
"Phim này không hay lắm, kịch bản hơi đơn điệu, nhưng vẫn có thể xem được.",2
"Xem phim hơi chán, âm nhạc không phù hợp, nhưng không đáng để xem lại.",2
"Phim này hơi thất vọng, cảnh quay không đẹp, nhưng không có gì nổi bật.",2
"Bộ phim hơi thất vọng, phim hơi dài dòng, nhưng không đáng để xem lại.",2
"Xem xong không như mong đợi, diễn viên diễn chưa tốt, nhưng cũng không quá tệ.",2
"Xem phim không như mong đợi, cốt truyện không hấp dẫn, nhưng vẫn có thể xem được.",2
"Tác phẩm không ấn tượng, diễn viên diễn chưa tốt, nhưng không đáng để xem lại.",2
"Bộ phim không ấn tượng, cảnh quay không đẹp, nhưng cũng không quá tệ.",2
"Phim này hơi thất vọng, cảnh quay không đẹp, nhưng không đáng để xem lại.",2
"Bộ phim hơi chán, phim hơi dài dòng, nhưng không đáng để xem lại.",2
"Xem xong không như mong đợi, diễn viên diễn chưa tốt, nhưng không đáng để xem lại.",2
"Xem phim không có gì đặc biệt, diễn viên diễn chưa tốt, nhưng không có gì nổi bật.",2
"Bộ phim hơi chán, âm nhạc không phù hợp, nhưng cũng không quá tệ.",2
"Xem xong hơi chán, phim hơi dài dòng, nhưng cũng không quá tệ.",2
"Xem xong hơi thất vọng, âm nhạc không phù hợp, nhưng vẫn có thể xem được.",2
"Phim này hơi thất vọng, cảnh quay không đẹp, nhưng không đáng để xem lại.",2
"Xem xong hơi thất vọng, phim hơi dài dòng, nhưng không đáng để xem lại.",2
"Tác phẩm không ấn tượng, âm nhạc không phù hợp, nhưng không có gì nổi bật.",2
"Tác phẩm không hay lắm, cảnh quay không đẹp, nhưng cũng không quá tệ.",2
"Tác phẩm không ấn tượng, phim hơi dài dòng, nhưng không có gì nổi bật.",2
"Phim này hơi chán, cảnh quay không đẹp, nhưng không có gì nổi bật.",2
"Phim này không ấn tượng, kịch bản hơi đơn điệu, nhưng không đáng để xem lại.",2
"Bộ phim không hay lắm, cảnh quay không đẹp, nhưng cũng không quá tệ.",2
"Bộ phim hơi thất vọng, cốt truyện không hấp dẫn, nhưng vẫn có thể xem được.",2
"Xem phim hơi chán, diễn viên diễn chưa tốt, nhưng không đáng để xem lại.",2
"Phim này hơi chán, phim hơi dài dòng, nhưng không có gì nổi bật.",2
"Tác phẩm không như mong đợi, phim hơi dài dòng, nhưng cũng không quá tệ.",2
"Bộ phim không có gì đặc biệt, phim hơi dài dòng, nhưng không có gì nổi bật.",2
"Xem phim không ấn tượng, cảnh quay không đẹp, nhưng vẫn có thể xem được.",2
"Xem xong hơi thất vọng, diễn viên diễn chưa tốt, nhưng cũng không quá tệ.",2
"Tác phẩm hơi thất vọng, cốt truyện không hấp dẫn, nhưng không đáng để xem lại.",2
"Tác phẩm không ấn tượng, âm nhạc không phù hợp, nhưng vẫn có thể xem được.",2
"Bộ phim không hay lắm, diễn viên diễn chưa tốt, nhưng cũng không quá tệ.",2
"Xem phim không ấn tượng, phim hơi dài dòng, nhưng không có gì nổi bật.",2
"Xem phim không như mong đợi, âm nhạc không phù hợp, nhưng vẫn có thể xem được.",2
"Tác phẩm không hay lắm, cảnh quay không đẹp, nhưng vẫn có thể xem được.",2
"Phim này hơi chán, cảnh quay không đẹp, nhưng không có gì nổi bật.",2
"Phim này không hay lắm, cảnh quay không đẹp, nhưng vẫn có thể xem được.",2
"Xem phim không hay lắm, phim hơi dài dòng, nhưng cũng không quá tệ.",2
"Xem xong không hay lắm, cảnh quay không đẹp, nhưng không có gì nổi bật.",2
"Xem xong hơi chán, phim hơi dài dòng, nhưng không đáng để xem lại.",2
"Xem xong không có gì đặc biệt, cốt truyện không hấp dẫn, nhưng không đáng để xem lại.",2
"Tác phẩm không ấn tượng, kịch bản hơi đơn điệu, nhưng vẫn có thể xem được.",2
"Xem xong không có gì đặc biệt, âm nhạc không phù hợp, nhưng không có gì nổi bật.",2
"Xem xong hơi chán, cốt truyện không hấp dẫn, nhưng cũng không quá tệ.",2
"Bộ phim hơi chán, phim hơi dài dòng, nhưng vẫn có thể xem được.",2
"Tác phẩm không có gì đặc biệt, kịch bản hơi đơn điệu, nhưng không đáng để xem lại.",2
"Phim này không hay lắm, cốt truyện không hấp dẫn, nhưng cũng không quá tệ.",2
"Tác phẩm không như mong đợi, kịch bản hơi đơn điệu, nhưng không có gì nổi bật.",2
"Tác phẩm hơi thất vọng, âm nhạc không phù hợp, nhưng cũng không quá tệ.",2
"Tác phẩm không hay lắm, kịch bản hơi đơn điệu, nhưng cũng không quá tệ.",2
"Xem xong không hay lắm, kịch bản hơi đơn điệu, nhưng không có gì nổi bật.",2
"Phim này hơi chán, diễn viên diễn chưa tốt, nhưng cũng không quá tệ.",2
"Xem xong hơi chán, phim hơi dài dòng, nhưng không đáng để xem lại.",2
"Bộ phim không có gì đặc biệt, kịch bản hơi đơn điệu, nhưng cũng không quá tệ.",2
"Xem xong không như mong đợi, diễn viên diễn chưa tốt, nhưng vẫn có thể xem được.",2
"Phim này không ấn tượng, kịch bản hơi đơn điệu, nhưng không có gì nổi bật.",2
"Xem phim không hay lắm, diễn viên diễn chưa tốt, nhưng vẫn có thể xem được.",2
"Tác phẩm không như mong đợi, kịch bản hơi đơn điệu, nhưng cũng không quá tệ.",2
"Bộ phim hơi thất vọng, phim hơi dài dòng, nhưng vẫn có thể xem được.",2
"Phim này không ấn tượng, diễn viên diễn chưa tốt, nhưng không có gì nổi bật.",2
"Phim này hơi chán, cốt truyện không hấp dẫn, nhưng cũng không quá tệ.",2
"Bộ phim không hay lắm, kịch bản hơi đơn điệu, nhưng vẫn có thể xem được.",2
"Tác phẩm không như mong đợi, âm nhạc không phù hợp, nhưng cũng không quá tệ.",2
"Xem xong hơi thất vọng, cảnh quay không đẹp, nhưng cũng không quá tệ.",2
"Phim này không ấn tượng, diễn viên diễn chưa tốt, nhưng vẫn có thể xem được.",2
"Phim này hơi chán, kịch bản hơi đơn điệu, nhưng không có gì nổi bật.",2
"Xem phim không có gì đặc biệt, cảnh quay không đẹp, nhưng cũng không quá tệ.",2
"Bộ phim hơi thất vọng, kịch bản hơi đơn điệu, nhưng cũng không quá tệ.",2
"Xem phim hơi thất vọng, âm nhạc không phù hợp, nhưng không đáng để xem lại.",2
"Phim này không ấn tượng, phim hơi dài dòng, nhưng không có gì nổi bật.",2
"Tác phẩm không có gì đặc biệt, âm nhạc không phù hợp, nhưng vẫn có thể xem được.",2
"Xem xong không như mong đợi, phim hơi dài dòng, nhưng vẫn có thể xem được.",2
"Tác phẩm không có gì đặc biệt, âm nhạc không phù hợp, nhưng không đáng để xem lại.",2
"Xem xong không như mong đợi, phim hơi dài dòng, nhưng vẫn có thể xem được.",2
"Bộ phim hơi thất vọng, âm nhạc không phù hợp, nhưng vẫn có thể xem được.",2
"Phim này không hay lắm, diễn viên diễn chưa tốt, nhưng cũng không quá tệ.",2
"Xem phim không ấn tượng, phim hơi dài dòng, nhưng không đáng để xem lại.",2
"Xem xong hơi chán, diễn viên diễn chưa tốt, nhưng cũng không quá tệ.",2
"Xem phim không hay lắm, diễn viên diễn chưa tốt, nhưng không có gì nổi bật.",2
"Tác phẩm không hay lắm, diễn viên diễn chưa tốt, nhưng cũng không quá tệ.",2
"Tác phẩm không hay lắm, âm nhạc không phù hợp, nhưng cũng không quá tệ.",2
"Xem xong không hay lắm, diễn viên diễn chưa tốt, nhưng cũng không quá tệ.",2
"Bộ phim hơi thất vọng, diễn viên diễn chưa tốt, nhưng vẫn có thể xem được.",2
"Xem xong không có gì đặc biệt, phim hơi dài dòng, nhưng không có gì nổi bật.",2
"Bộ phim không hay lắm, phim hơi dài dòng, nhưng vẫn có thể xem được.",2
"Xem xong không có gì đặc biệt, cảnh quay không đẹp, nhưng vẫn có thể xem được.",2
"Bộ phim hơi thất vọng, cảnh quay không đẹp, nhưng không đáng để xem lại.",2
"Phim này không hay lắm, diễn viên diễn chưa tốt, nhưng cũng không quá tệ.",2
"Xem xong không ấn tượng, kịch bản hơi đơn điệu, nhưng không có gì nổi bật.",2
"Phim này không như mong đợi, phim hơi dài dòng, nhưng cũng không quá tệ.",2
"Xem phim hơi chán, kịch bản hơi đơn điệu, nhưng cũng không quá tệ.",2
"Phim này không ấn tượng, cảnh quay không đẹp, nhưng không đáng để xem lại.",2
"Tác phẩm hơi thất vọng, cảnh quay không đẹp, nhưng không có gì nổi bật.",2
"Xem phim không ấn tượng, kịch bản hơi đơn điệu, nhưng không có gì nổi bật.",2
"Tác phẩm hơi thất vọng, diễn viên diễn chưa tốt, nhưng vẫn có thể xem được.",2
"Tác phẩm không hay lắm, kịch bản hơi đơn điệu, nhưng không đáng để xem lại.",2
"Phim này hơi thất vọng, âm nhạc không phù hợp, nhưng cũng không quá tệ.",2
"Xem phim hơi chán, cảnh quay không đẹp, nhưng không đáng để xem lại.",2
"Phim này không như mong đợi, diễn viên diễn chưa tốt, nhưng không đáng để xem lại.",2
"Xem xong không như mong đợi, âm nhạc không phù hợp, nhưng không đáng để xem lại.",2
"Phim này không ấn tượng, cảnh quay không đẹp, nhưng không có gì nổi bật.",2
"Tác phẩm hơi thất vọng, cốt truyện không hấp dẫn, nhưng cũng không quá tệ.",2
"Tác phẩm hơi chán, kịch bản hơi đơn điệu, nhưng vẫn có thể xem được.",2
"Bộ phim không hay lắm, diễn viên diễn chưa tốt, nhưng vẫn có thể xem được.",2
"Phim này hơi chán, phim hơi dài dòng, nhưng cũng không quá tệ.",2
"Phim này không hay lắm, cảnh quay không đẹp, nhưng không đáng để xem lại.",2
"Phim này hơi chán, kịch bản hơi đơn điệu, nhưng cũng không quá tệ.",2
"Phim này không như mong đợi, diễn viên diễn chưa tốt, nhưng vẫn có thể xem được.",2
"Tác phẩm không ấn tượng, cốt truyện không hấp dẫn, nhưng không đáng để xem lại.",2
"Tác phẩm không có gì đặc biệt, cốt truyện không hấp dẫn, nhưng không đáng để xem lại.",2
"Phim này không như mong đợi, phim hơi dài dòng, nhưng cũng không quá tệ.",2
"Phim này không ấn tượng, diễn viên diễn chưa tốt, nhưng không đáng để xem lại.",2
"Xem xong hơi thất vọng, cảnh quay không đẹp, nhưng không đáng để xem lại.",2
"Phim này hơi thất vọng, cốt truyện không hấp dẫn, nhưng cũng không quá tệ.",2
"Tác phẩm hơi chán, kịch bản hơi đơn điệu, nhưng vẫn có thể xem được.",2
"Tác phẩm không ấn tượng, cảnh quay không đẹp, nhưng không đáng để xem lại.",2
"Phim này hơi thất vọng, cảnh quay không đẹp, nhưng không có gì nổi bật.",2
"Xem phim không như mong đợi, âm nhạc không phù hợp, nhưng cũng không quá tệ.",2
"Bộ phim không ấn tượng, cảnh quay không đẹp, nhưng cũng không quá tệ.",2
"Bộ phim không ấn tượng, diễn viên diễn chưa tốt, nhưng không có gì nổi bật.",2
"Phim này hơi thất vọng, phim hơi dài dòng, nhưng không đáng để xem lại.",2
"Phim này không như mong đợi, phim hơi dài dòng, nhưng không có gì nổi bật.",2
"Phim này không hay lắm, âm nhạc không phù hợp, nhưng không đáng để xem lại.",2
"Tác phẩm hơi thất vọng, kịch bản hơi đơn điệu, nhưng vẫn có thể xem được.",2
"Xem xong không như mong đợi, âm nhạc không phù hợp, nhưng không đáng để xem lại.",2
"Xem xong không như mong đợi, phim hơi dài dòng, nhưng vẫn có thể xem được.",2
"Tác phẩm không như mong đợi, kịch bản hơi đơn điệu, nhưng không có gì nổi bật.",2
"Phim này hơi thất vọng, phim hơi dài dòng, nhưng không đáng để xem lại.",2
"Tác phẩm không ấn tượng, kịch bản hơi đơn điệu, nhưng vẫn có thể xem được.",2
"Tác phẩm không ấn tượng, cảnh quay không đẹp, nhưng không đáng để xem lại.",2
"Phim này không có gì đặc biệt, âm nhạc không phù hợp, nhưng không có gì nổi bật.",2
"Xem xong không như mong đợi, kịch bản hơi đơn điệu, nhưng không đáng để xem lại.",2
"Xem phim hơi thất vọng, cảnh quay không đẹp, nhưng cũng không quá tệ.",2
"Bộ phim hơi thất vọng, diễn viên diễn chưa tốt, nhưng cũng không quá tệ.",2
"Xem phim không ấn tượng, cảnh quay không đẹp, nhưng không đáng để xem lại.",2
"Tác phẩm không có gì đặc biệt, cốt truyện không hấp dẫn, nhưng không có gì nổi bật.",2
"Bộ phim hơi chán, cảnh quay không đẹp, nhưng vẫn có thể xem được.",2
"Xem xong hơi chán, cảnh quay không đẹp, nhưng cũng không quá tệ.",2
"Bộ phim hơi chán, diễn viên diễn chưa tốt, nhưng không có gì nổi bật.",2
"Bộ phim hơi chán, cảnh quay không đẹp, nhưng không đáng để xem lại.",2
"Tác phẩm không có gì đặc biệt, âm nhạc không phù hợp, nhưng không có gì nổi bật.",2
"Phim này không có gì đặc biệt, diễn viên diễn chưa tốt, nhưng không có gì nổi bật.",2
"Bộ phim không như mong đợi, diễn viên diễn chưa tốt, nhưng không có gì nổi bật.",2
"Xem phim không ấn tượng, cảnh quay không đẹp, nhưng cũng không quá tệ.",2
"Xem xong hơi thất vọng, âm nhạc không phù hợp, nhưng cũng không quá tệ.",2
"Xem xong không ấn tượng, âm nhạc không phù hợp, nhưng vẫn có thể xem được.",2
"Bộ phim hơi thất vọng, kịch bản hơi đơn điệu, nhưng không đáng để xem lại.",2
"Tác phẩm không ấn tượng, cốt truyện không hấp dẫn, nhưng cũng không quá tệ.",2
"Bộ phim không hay lắm, âm nhạc không phù hợp, nhưng vẫn có thể xem được.",2
"Xem phim hơi chán, cảnh quay không đẹp, nhưng vẫn có thể xem được.",2
"Tác phẩm không ấn tượng, cốt truyện không hấp dẫn, nhưng không có gì nổi bật.",2
"Xem xong không ấn tượng, kịch bản hơi đơn điệu, nhưng không có gì nổi bật.",2
"Tác phẩm hơi thất vọng, phim hơi dài dòng, nhưng cũng không quá tệ.",2
"Xem xong không ấn tượng, âm nhạc không phù hợp, nhưng cũng không quá tệ.",2
"Phim này hơi thất vọng, phim hơi dài dòng, nhưng cũng không quá tệ.",2
"Phim này không hay lắm, phim hơi dài dòng, nhưng không đáng để xem lại.",2
"Xem phim hơi thất vọng, cốt truyện không hấp dẫn, nhưng vẫn có thể xem được.",2
"Phim này không ấn tượng, kịch bản hơi đơn điệu, nhưng vẫn có thể xem được.",2
"Bộ phim không hay lắm, phim hơi dài dòng, nhưng vẫn có thể xem được.",2
"Xem phim không hay lắm, phim hơi dài dòng, nhưng không có gì nổi bật.",2
"Xem phim hơi chán, cốt truyện không hấp dẫn, nhưng vẫn có thể xem được.",2
"Tác phẩm không hay lắm, cảnh quay không đẹp, nhưng không có gì nổi bật.",2
"Tác phẩm không như mong đợi, cốt truyện không hấp dẫn, nhưng không đáng để xem lại.",2
"Phim này không có gì đặc biệt, âm nhạc không phù hợp, nhưng không đáng để xem lại.",2
"Tác phẩm hơi thất vọng, cảnh quay không đẹp, nhưng vẫn có thể xem được.",2
"Xem xong không hay lắm, kịch bản hơi đơn điệu, nhưng không đáng để xem lại.",2
"Bộ phim hơi thất vọng, phim hơi dài dòng, nhưng cũng không quá tệ.",2
"Tác phẩm không hay lắm, cốt truyện không hấp dẫn, nhưng vẫn có thể xem được.",2
"Phim này không hay lắm, kịch bản hơi đơn điệu, nhưng không có gì nổi bật.",2
"Xem phim không như mong đợi, cốt truyện không hấp dẫn, nhưng cũng không quá tệ.",2
"Xem xong không hay lắm, diễn viên diễn chưa tốt, nhưng không đáng để xem lại.",2
"Xem xong hơi thất vọng, cảnh quay không đẹp, nhưng không có gì nổi bật.",2
"Tác phẩm hơi thất vọng, cảnh quay không đẹp, nhưng cũng không quá tệ.",2
"Phim này hơi thất vọng, cảnh quay không đẹp, nhưng cũng không quá tệ.",2
"Xem xong không ấn tượng, cảnh quay không đẹp, nhưng không đáng để xem lại.",2
"Xem phim không hay lắm, âm nhạc không phù hợp, nhưng vẫn có thể xem được.",2
"Phim này không có gì đặc biệt, âm nhạc không phù hợp, nhưng vẫn có thể xem được.",2
"Xem phim không như mong đợi, âm nhạc không phù hợp, nhưng vẫn có thể xem được.",2
"Bộ phim không như mong đợi, phim hơi dài dòng, nhưng vẫn có thể xem được.",2
"Xem xong không có gì đặc biệt, diễn viên diễn chưa tốt, nhưng vẫn có thể xem được.",2
"Tác phẩm không như mong đợi, diễn viên diễn chưa tốt, nhưng vẫn có thể xem được.",2
"Xem phim không có gì đặc biệt, diễn viên diễn chưa tốt, nhưng không có gì nổi bật.",2
"Tác phẩm không có gì đặc biệt, cốt truyện không hấp dẫn, nhưng không đáng để xem lại.",2
"Xem phim không hay lắm, diễn viên diễn chưa tốt, nhưng không đáng để xem lại.",2
"Bộ phim không ấn tượng, cảnh quay không đẹp, nhưng không có gì nổi bật.",2
"Phim này không như mong đợi, diễn viên diễn chưa tốt, nhưng vẫn có thể xem được.",2
"Xem xong hơi thất vọng, âm nhạc không phù hợp, nhưng vẫn có thể xem được.",2
"Phim này hơi thất vọng, diễn viên diễn chưa tốt, nhưng không đáng để xem lại.",2
"Bộ phim không hay lắm, kịch bản hơi đơn điệu, nhưng không đáng để xem lại.",2
"Bộ phim không hay lắm, cảnh quay không đẹp, nhưng cũng không quá tệ.",2
"Bộ phim hơi thất vọng, kịch bản hơi đơn điệu, nhưng không đáng để xem lại.",2
"Xem xong không có gì đặc biệt, âm nhạc không phù hợp, nhưng không đáng để xem lại.",2
"Bộ phim không hay lắm, cảnh quay không đẹp, nhưng không có gì nổi bật.",2
"Tác phẩm không như mong đợi, diễn viên diễn chưa tốt, nhưng vẫn có thể xem được.",2
"Phim này không có gì đặc biệt, cảnh quay không đẹp, nhưng không có gì nổi bật.",2
"Phim này không có gì đặc biệt, diễn viên diễn chưa tốt, nhưng cũng không quá tệ.",2
"Phim này không hay lắm, cảnh quay không đẹp, nhưng vẫn có thể xem được.",2
"Xem xong hơi chán, âm nhạc không phù hợp, nhưng không có gì nổi bật.",2
"Xem phim không ấn tượng, phim hơi dài dòng, nhưng vẫn có thể xem được.",2
"Xem xong hơi thất vọng, âm nhạc không phù hợp, nhưng không có gì nổi bật.",2
"Xem xong không hay lắm, kịch bản hơi đơn điệu, nhưng cũng không quá tệ.",2
"Xem phim không có gì đặc biệt, kịch bản hơi đơn điệu, nhưng không đáng để xem lại.",2
"Bộ phim không hay lắm, diễn viên diễn chưa tốt, nhưng không đáng để xem lại.",2
"Xem phim không hay lắm, cảnh quay không đẹp, nhưng vẫn có thể xem được.",2
"Xem xong hơi thất vọng, phim hơi dài dòng, nhưng không đáng để xem lại.",2
"Xem xong không ấn tượng, âm nhạc không phù hợp, nhưng cũng không quá tệ.",2
"Xem xong không ấn tượng, âm nhạc không phù hợp, nhưng không đáng để xem lại.",2
"Bộ phim hơi thất vọng, phim hơi dài dòng, nhưng vẫn có thể xem được.",2
"Xem phim không hay lắm, cảnh quay không đẹp, nhưng không đáng để xem lại.",2
"Tác phẩm không có gì đặc biệt, kịch bản hơi đơn điệu, nhưng không có gì nổi bật.",2
"Xem xong không hay lắm, phim hơi dài dòng, nhưng không đáng để xem lại.",2
"Phim này không ấn tượng, kịch bản hơi đơn điệu, nhưng cũng không quá tệ.",2
"Bộ phim không ấn tượng, kịch bản hơi đơn điệu, nhưng vẫn có thể xem được.",2
"Xem phim không có gì đặc biệt, kịch bản hơi đơn điệu, nhưng không đáng để xem lại.",2
"Xem xong không hay lắm, cảnh quay không đẹp, nhưng vẫn có thể xem được.",2
"Phim này hơi thất vọng, âm nhạc không phù hợp, nhưng không có gì nổi bật.",2
"Phim này không hay lắm, phim hơi dài dòng, nhưng vẫn có thể xem được.",2
"Tác phẩm hơi thất vọng, âm nhạc không phù hợp, nhưng vẫn có thể xem được.",2
"Tác phẩm không như mong đợi, diễn viên diễn chưa tốt, nhưng không đáng để xem lại.",2
"Tác phẩm hơi chán, phim hơi dài dòng, nhưng vẫn có thể xem được.",2
"Tác phẩm hơi thất vọng, phim hơi dài dòng, nhưng cũng không quá tệ.",2
"Tác phẩm không có gì đặc biệt, cảnh quay không đẹp, nhưng không đáng để xem lại.",2
"Phim này không có gì đặc biệt, âm nhạc không phù hợp, nhưng không có gì nổi bật.",2
"Xem phim không có gì đặc biệt, cốt truyện không hấp dẫn, nhưng không đáng để xem lại.",2
"Bộ phim hơi chán, âm nhạc không phù hợp, nhưng không có gì nổi bật.",2
"Tác phẩm không ấn tượng, cốt truyện không hấp dẫn, nhưng vẫn có thể xem được.",2
"Bộ phim không hay lắm, âm nhạc không phù hợp, nhưng không có gì nổi bật.",2
"Xem phim hơi thất vọng, phim hơi dài dòng, nhưng không đáng để xem lại.",2
"Phim này không hay lắm, diễn viên diễn chưa tốt, nhưng không đáng để xem lại.",2
"Xem phim hơi thất vọng, cảnh quay không đẹp, nhưng không đáng để xem lại.",2
"Bộ phim không hay lắm, âm nhạc không phù hợp, nhưng không đáng để xem lại.",2
"Xem phim không như mong đợi, kịch bản hơi đơn điệu, nhưng không đáng để xem lại.",2
"Bộ phim không hay lắm, âm nhạc không phù hợp, nhưng không đáng để xem lại.",2
"Xem phim không có gì đặc biệt, diễn viên diễn chưa tốt, nhưng không có gì nổi bật.",2
"Phim này hơi chán, diễn viên diễn chưa tốt, nhưng không đáng để xem lại.",2
"Xem xong không ấn tượng, cảnh quay không đẹp, nhưng cũng không quá tệ.",2
"Bộ phim hơi thất vọng, kịch bản hơi đơn điệu, nhưng không có gì nổi bật.",2
"Xem xong không ấn tượng, cảnh quay không đẹp, nhưng cũng không quá tệ.",2
"Xem xong hơi chán, phim hơi dài dòng, nhưng không đáng để xem lại.",2
"Xem phim hơi thất vọng, cốt truyện không hấp dẫn, nhưng không đáng để xem lại.",2
"Bộ phim không như mong đợi, phim hơi dài dòng, nhưng không có gì nổi bật.",2
"Xem xong không như mong đợi, kịch bản hơi đơn điệu, nhưng không có gì nổi bật.",2
"Xem xong hơi chán, âm nhạc không phù hợp, nhưng không đáng để xem lại.",2
"Xem phim không như mong đợi, kịch bản hơi đơn điệu, nhưng cũng không quá tệ.",2
"Phim này không có gì đặc biệt, diễn viên diễn chưa tốt, nhưng cũng không quá tệ.",2
"Xem phim không có gì đặc biệt, kịch bản hơi đơn điệu, nhưng không đáng để xem lại.",2
"Xem xong không như mong đợi, kịch bản hơi đơn điệu, nhưng vẫn có thể xem được.",2
"Xem phim hơi thất vọng, kịch bản hơi đơn điệu, nhưng không có gì nổi bật.",2
"Tác phẩm không ấn tượng, cảnh quay không đẹp, nhưng vẫn có thể xem được.",2
"Tác phẩm hơi thất vọng, âm nhạc không phù hợp, nhưng không có gì nổi bật.",2
"Tác phẩm hơi chán, âm nhạc không phù hợp, nhưng không có gì nổi bật.",2
"Xem xong không có gì đặc biệt, cốt truyện không hấp dẫn, nhưng không đáng để xem lại.",2
"Bộ phim không như mong đợi, âm nhạc không phù hợp, nhưng cũng không quá tệ.",2
"Tác phẩm hơi thất vọng, cốt truyện không hấp dẫn, nhưng không có gì nổi bật.",2
"Bộ phim hơi thất vọng, kịch bản hơi đơn điệu, nhưng không có gì nổi bật.",2
"Bộ phim hơi thất vọng, âm nhạc không phù hợp, nhưng cũng không quá tệ.",2
"Bộ phim không như mong đợi, cảnh quay không đẹp, nhưng cũng không quá tệ.",2
"Xem xong hơi chán, phim hơi dài dòng, nhưng cũng không quá tệ.",2
"Xem phim không hay lắm, kịch bản hơi đơn điệu, nhưng vẫn có thể xem được.",2
"Phim này không ấn tượng, cốt truyện không hấp dẫn, nhưng không có gì nổi bật.",2
"Tác phẩm không hay lắm, phim hơi dài dòng, nhưng vẫn có thể xem được.",2
"Xem xong hơi chán, cảnh quay không đẹp, nhưng cũng không quá tệ.",2
"Xem phim không hay lắm, kịch bản hơi đơn điệu, nhưng không có gì nổi bật.",2
"Phim này không như mong đợi, âm nhạc không phù hợp, nhưng không đáng để xem lại.",2
"Xem xong không như mong đợi, cốt truyện không hấp dẫn, nhưng cũng không quá tệ.",2
"Bộ phim không như mong đợi, cảnh quay không đẹp, nhưng vẫn có thể xem được.",2
"Phim này hơi thất vọng, âm nhạc không phù hợp, nhưng vẫn có thể xem được.",2
"Xem phim không hay lắm, diễn viên diễn chưa tốt, nhưng không có gì nổi bật.",2
"Xem phim không như mong đợi, kịch bản hơi đơn điệu, nhưng không đáng để xem lại.",2
"Bộ phim không có gì đặc biệt, diễn viên diễn chưa tốt, nhưng vẫn có thể xem được.",2
"Bộ phim không ấn tượng, phim hơi dài dòng, nhưng không đáng để xem lại.",2
"Xem phim không ấn tượng, diễn viên diễn chưa tốt, nhưng không đáng để xem lại.",2
"Bộ phim hơi thất vọng, diễn viên diễn chưa tốt, nhưng cũng không quá tệ.",2
"Xem xong không quá hay, cảnh quay đẹp, không đáng để nhớ.",3
"Tác phẩm không có gì đặc biệt, kịch bản đơn giản, không có gì đặc sắc.",3
"Bộ phim không quá hay, diễn viên diễn ổn, không có gì nổi bật.",3
"Xem xong bình thường, cảnh quay đẹp, không khen không chê.",3
"Xem phim không quá hay, kịch bản đơn giản, không khen không chê.",3
"Xem xong cũng được, kịch bản đơn giản, không có gì đặc sắc.",3
"Xem phim không tệ, âm nhạc phù hợp, không có gì đặc sắc.",3
"Bộ phim không tệ, diễn viên diễn ổn, không đáng để nhớ.",3
"Bộ phim không quá hay, kịch bản đơn giản, không có gì đặc sắc.",3
"Tác phẩm không có gì đặc biệt, diễn viên diễn ổn, không đáng để nhớ.",3
"Bộ phim không có gì đặc biệt, phim giải trí nhẹ nhàng, không khen không chê.",3
"Tác phẩm cũng được, âm nhạc phù hợp, không có gì nổi bật.",3
"Bộ phim cũng được, phim giải trí nhẹ nhàng, không khen không chê.",3
"Tác phẩm không để lại ấn tượng, cốt truyện dễ đoán, không khen không chê.",3
"Xem xong không để lại ấn tượng, phim giải trí nhẹ nhàng, không có gì đặc sắc.",3
"Bộ phim cũng được, phim giải trí nhẹ nhàng, không có gì nổi bật.",3
"Xem phim không tệ, cảnh quay đẹp, không khen không chê.",3
"Xem phim không quá hay, phim giải trí nhẹ nhàng, không có gì nổi bật.",3
"Bộ phim không để lại ấn tượng, kịch bản đơn giản, không có gì nổi bật.",3
"Tác phẩm bình thường, cốt truyện dễ đoán, không đáng để nhớ.",3
"Bộ phim bình thường, cảnh quay đẹp, không đáng để nhớ.",3
"Tác phẩm bình thường, diễn viên diễn ổn, không có gì đặc sắc.",3
"Bộ phim không để lại ấn tượng, kịch bản đơn giản, không có gì nổi bật.",3
"Phim này bình thường, diễn viên diễn ổn, không khen không chê.",3
"Tác phẩm không để lại ấn tượng, cốt truyện dễ đoán, không có gì đặc sắc.",3
"Bộ phim không để lại ấn tượng, diễn viên diễn ổn, không khen không chê.",3
"Xem phim bình thường, cảnh quay đẹp, không có gì nổi bật.",3
"Xem xong không có gì đặc biệt, âm nhạc phù hợp, không đáng để nhớ.",3
"Tác phẩm cũng được, cốt truyện dễ đoán, không có gì đặc sắc.",3
"Xem xong không quá hay, diễn viên diễn ổn, không đáng để nhớ.",3
"Bộ phim không để lại ấn tượng, kịch bản đơn giản, không khen không chê.",3
"Bộ phim không có gì đặc biệt, âm nhạc phù hợp, không khen không chê.",3
"Xem xong không để lại ấn tượng, cảnh quay đẹp, không đáng để nhớ.",3
"Phim này bình thường, kịch bản đơn giản, không đáng để nhớ.",3
"Tác phẩm không quá hay, kịch bản đơn giản, không đáng để nhớ.",3
"Bộ phim không có gì đặc biệt, diễn viên diễn ổn, không có gì nổi bật.",3
"Phim này cũng được, cảnh quay đẹp, không có gì đặc sắc.",3
"Xem xong cũng được, cốt truyện dễ đoán, không khen không chê.",3
"Bộ phim bình thường, phim giải trí nhẹ nhàng, không có gì nổi bật.",3
"Xem phim không có gì đặc biệt, âm nhạc phù hợp, không khen không chê.",3
"Tác phẩm không để lại ấn tượng, diễn viên diễn ổn, không đáng để nhớ.",3
"Bộ phim bình thường, cốt truyện dễ đoán, không khen không chê.",3
"Phim này không quá hay, diễn viên diễn ổn, không khen không chê.",3
"Phim này không tệ, diễn viên diễn ổn, không có gì đặc sắc.",3
"Tác phẩm không quá hay, diễn viên diễn ổn, không có gì nổi bật.",3
"Tác phẩm không tệ, phim giải trí nhẹ nhàng, không có gì đặc sắc.",3
"Xem phim không có gì đặc biệt, diễn viên diễn ổn, không đáng để nhớ.",3
"Xem phim không để lại ấn tượng, âm nhạc phù hợp, không có gì nổi bật.",3
"Xem xong không quá hay, cảnh quay đẹp, không đáng để nhớ.",3
"Bộ phim không có gì đặc biệt, âm nhạc phù hợp, không khen không chê.",3
"Xem xong không quá hay, kịch bản đơn giản, không khen không chê.",3
"Tác phẩm cũng được, cảnh quay đẹp, không có gì đặc sắc.",3
"Xem phim không có gì đặc biệt, phim giải trí nhẹ nhàng, không có gì đặc sắc.",3
"Xem phim không có gì đặc biệt, kịch bản đơn giản, không có gì đặc sắc.",3
"Phim này không tệ, diễn viên diễn ổn, không có gì nổi bật.",3
"Phim này cũng được, âm nhạc phù hợp, không đáng để nhớ.",3
"Phim này bình thường, cốt truyện dễ đoán, không khen không chê.",3
"Xem phim không quá hay, cảnh quay đẹp, không đáng để nhớ.",3
"Xem xong cũng được, kịch bản đơn giản, không đáng để nhớ.",3
"Phim này không quá hay, âm nhạc phù hợp, không có gì đặc sắc.",3
"Bộ phim bình thường, kịch bản đơn giản, không có gì đặc sắc.",3
"Xem xong không quá hay, cốt truyện dễ đoán, không có gì đặc sắc.",3
"Xem xong không tệ, âm nhạc phù hợp, không có gì đặc sắc.",3
"Xem xong không để lại ấn tượng, cảnh quay đẹp, không có gì nổi bật.",3
"Bộ phim không quá hay, cảnh quay đẹp, không có gì đặc sắc.",3
"Phim này không tệ, âm nhạc phù hợp, không đáng để nhớ.",3
"Tác phẩm cũng được, diễn viên diễn ổn, không khen không chê.",3
"Xem xong không tệ, diễn viên diễn ổn, không khen không chê.",3
"Xem phim không tệ, phim giải trí nhẹ nhàng, không có gì nổi bật.",3
"Bộ phim cũng được, kịch bản đơn giản, không đáng để nhớ.",3
"Tác phẩm không để lại ấn tượng, phim giải trí nhẹ nhàng, không có gì nổi bật.",3
"Tác phẩm không tệ, cốt truyện dễ đoán, không khen không chê.",3
"Tác phẩm bình thường, cốt truyện dễ đoán, không đáng để nhớ.",3
"Bộ phim không quá hay, phim giải trí nhẹ nhàng, không có gì nổi bật.",3
"Xem xong cũng được, cảnh quay đẹp, không đáng để nhớ.",3
"Bộ phim không tệ, diễn viên diễn ổn, không có gì đặc sắc.",3
"Xem phim không có gì đặc biệt, âm nhạc phù hợp, không khen không chê.",3
"Phim này không để lại ấn tượng, phim giải trí nhẹ nhàng, không có gì nổi bật.",3
"Xem xong không có gì đặc biệt, cốt truyện dễ đoán, không khen không chê.",3
"Bộ phim bình thường, kịch bản đơn giản, không có gì nổi bật.",3
"Xem xong không tệ, kịch bản đơn giản, không có gì nổi bật.",3
"Phim này cũng được, phim giải trí nhẹ nhàng, không có gì nổi bật.",3
"Xem phim không quá hay, diễn viên diễn ổn, không có gì đặc sắc.",3
"Bộ phim cũng được, diễn viên diễn ổn, không đáng để nhớ.",3
"Xem phim bình thường, diễn viên diễn ổn, không có gì đặc sắc.",3
"Phim này bình thường, phim giải trí nhẹ nhàng, không có gì đặc sắc.",3
"Bộ phim không tệ, diễn viên diễn ổn, không khen không chê.",3
"Tác phẩm không quá hay, phim giải trí nhẹ nhàng, không khen không chê.",3
"Xem phim không có gì đặc biệt, diễn viên diễn ổn, không đáng để nhớ.",3
"Phim này cũng được, kịch bản đơn giản, không có gì đặc sắc.",3
"Bộ phim không tệ, diễn viên diễn ổn, không đáng để nhớ.",3
"Tác phẩm bình thường, cốt truyện dễ đoán, không đáng để nhớ.",3
"Tác phẩm không tệ, kịch bản đơn giản, không có gì đặc sắc.",3
"Xem phim không quá hay, phim giải trí nhẹ nhàng, không có gì đặc sắc.",3
"Tác phẩm không để lại ấn tượng, phim giải trí nhẹ nhàng, không đáng để nhớ.",3
"Phim này không quá hay, phim giải trí nhẹ nhàng, không có gì nổi bật.",3
"Tác phẩm không có gì đặc biệt, âm nhạc phù hợp, không có gì đặc sắc.",3
"Phim này không có gì đặc biệt, diễn viên diễn ổn, không có gì nổi bật.",3
"Tác phẩm cũng được, kịch bản đơn giản, không khen không chê.",3
"Phim này không tệ, cảnh quay đẹp, không khen không chê.",3
"Xem phim không tệ, diễn viên diễn ổn, không có gì nổi bật.",3
"Xem phim không có gì đặc biệt, kịch bản đơn giản, không đáng để nhớ.",3
"Xem phim không quá hay, diễn viên diễn ổn, không đáng để nhớ.",3
"Xem phim không để lại ấn tượng, kịch bản đơn giản, không có gì đặc sắc.",3
"Bộ phim bình thường, diễn viên diễn ổn, không khen không chê.",3
"Xem phim cũng được, diễn viên diễn ổn, không đáng để nhớ.",3
"Xem phim không có gì đặc biệt, kịch bản đơn giản, không đáng để nhớ.",3
"Xem xong cũng được, cảnh quay đẹp, không khen không chê.",3
"Tác phẩm bình thường, âm nhạc phù hợp, không có gì đặc sắc.",3
"Phim này không quá hay, cảnh quay đẹp, không có gì đặc sắc.",3
"Xem xong bình thường, cảnh quay đẹp, không khen không chê.",3
"Bộ phim không tệ, phim giải trí nhẹ nhàng, không đáng để nhớ.",3
"Tác phẩm bình thường, cốt truyện dễ đoán, không đáng để nhớ.",3
"Tác phẩm không để lại ấn tượng, diễn viên diễn ổn, không đáng để nhớ.",3
"Xem phim không có gì đặc biệt, cảnh quay đẹp, không đáng để nhớ.",3
"Tác phẩm bình thường, kịch bản đơn giản, không có gì đặc sắc.",3
"Tác phẩm không quá hay, âm nhạc phù hợp, không khen không chê.",3
"Phim này bình thường, phim giải trí nhẹ nhàng, không khen không chê.",3
"Bộ phim cũng được, cốt truyện dễ đoán, không khen không chê.",3
"Bộ phim không để lại ấn tượng, kịch bản đơn giản, không khen không chê.",3
"Bộ phim không có gì đặc biệt, diễn viên diễn ổn, không khen không chê.",3
"Tác phẩm không tệ, cảnh quay đẹp, không có gì nổi bật.",3
"Phim này không để lại ấn tượng, cốt truyện dễ đoán, không có gì đặc sắc.",3
"Bộ phim bình thường, phim giải trí nhẹ nhàng, không có gì nổi bật.",3
"Xem phim không có gì đặc biệt, cốt truyện dễ đoán, không có gì đặc sắc.",3
"Xem xong không tệ, cảnh quay đẹp, không có gì đặc sắc.",3
"Bộ phim không có gì đặc biệt, cảnh quay đẹp, không có gì đặc sắc.",3
"Xem phim không có gì đặc biệt, âm nhạc phù hợp, không có gì đặc sắc.",3
"Phim này cũng được, cốt truyện dễ đoán, không có gì nổi bật.",3
"Xem xong không để lại ấn tượng, cảnh quay đẹp, không có gì đặc sắc.",3
"Xem phim không để lại ấn tượng, diễn viên diễn ổn, không khen không chê.",3
"Tác phẩm cũng được, diễn viên diễn ổn, không đáng để nhớ.",3
"Xem xong không để lại ấn tượng, cảnh quay đẹp, không có gì đặc sắc.",3
"Bộ phim cũng được, âm nhạc phù hợp, không có gì đặc sắc.",3
"Bộ phim không có gì đặc biệt, kịch bản đơn giản, không có gì đặc sắc.",3
"Xem xong bình thường, diễn viên diễn ổn, không khen không chê.",3
"Xem xong bình thường, cốt truyện dễ đoán, không có gì đặc sắc.",3
"Tác phẩm không quá hay, cảnh quay đẹp, không khen không chê.",3
"Xem phim cũng được, kịch bản đơn giản, không có gì nổi bật.",3
"Bộ phim không quá hay, cốt truyện dễ đoán, không đáng để nhớ.",3
"Tác phẩm bình thường, diễn viên diễn ổn, không đáng để nhớ.",3
"Tác phẩm cũng được, phim giải trí nhẹ nhàng, không đáng để nhớ.",3
"Phim này không quá hay, diễn viên diễn ổn, không khen không chê.",3
"Xem phim không tệ, âm nhạc phù hợp, không đáng để nhớ.",3
"Xem phim không để lại ấn tượng, diễn viên diễn ổn, không đáng để nhớ.",3
"Xem phim không có gì đặc biệt, diễn viên diễn ổn, không có gì nổi bật.",3
"Xem xong cũng được, diễn viên diễn ổn, không đáng để nhớ.",3
"Tác phẩm không có gì đặc biệt, kịch bản đơn giản, không có gì nổi bật.",3
"Phim này không để lại ấn tượng, diễn viên diễn ổn, không đáng để nhớ.",3
"Phim này không có gì đặc biệt, phim giải trí nhẹ nhàng, không khen không chê.",3
"Tác phẩm không tệ, diễn viên diễn ổn, không đáng để nhớ.",3
"Phim này không quá hay, phim giải trí nhẹ nhàng, không đáng để nhớ.",3
"Xem xong không quá hay, cảnh quay đẹp, không có gì nổi bật.",3
"Tác phẩm cũng được, âm nhạc phù hợp, không khen không chê.",3
"Phim này không tệ, cảnh quay đẹp, không có gì nổi bật.",3
"Xem xong bình thường, cảnh quay đẹp, không có gì đặc sắc.",3
"Bộ phim không có gì đặc biệt, cảnh quay đẹp, không có gì nổi bật.",3
"Bộ phim không có gì đặc biệt, diễn viên diễn ổn, không có gì nổi bật.",3
"Bộ phim không có gì đặc biệt, âm nhạc phù hợp, không đáng để nhớ.",3
"Xem xong không để lại ấn tượng, âm nhạc phù hợp, không đáng để nhớ.",3
"Xem phim không quá hay, âm nhạc phù hợp, không khen không chê.",3
"Xem xong không quá hay, kịch bản đơn giản, không đáng để nhớ.",3
"Xem phim cũng được, diễn viên diễn ổn, không khen không chê.",3
"Xem xong không quá hay, phim giải trí nhẹ nhàng, không đáng để nhớ.",3
"Xem xong không để lại ấn tượng, kịch bản đơn giản, không khen không chê.",3
"Xem xong không để lại ấn tượng, cốt truyện dễ đoán, không khen không chê.",3
"Xem xong không tệ, âm nhạc phù hợp, không khen không chê.",3
"Bộ phim không quá hay, diễn viên diễn ổn, không có gì đặc sắc.",3
"Bộ phim không có gì đặc biệt, phim giải trí nhẹ nhàng, không có gì nổi bật.",3
"Tác phẩm bình thường, diễn viên diễn ổn, không có gì đặc sắc.",3
"Xem phim không có gì đặc biệt, diễn viên diễn ổn, không đáng để nhớ.",3
"Xem xong bình thường, cảnh quay đẹp, không có gì đặc sắc.",3
"Bộ phim cũng được, cốt truyện dễ đoán, không đáng để nhớ.",3
"Xem phim bình thường, cốt truyện dễ đoán, không khen không chê.",3
"Xem xong cũng được, diễn viên diễn ổn, không có gì đặc sắc.",3
"Tác phẩm không quá hay, kịch bản đơn giản, không đáng để nhớ.",3
"Phim này không quá hay, cốt truyện dễ đoán, không đáng để nhớ.",3
"Tác phẩm không tệ, diễn viên diễn ổn, không khen không chê.",3
"Xem xong không quá hay, diễn viên diễn ổn, không khen không chê.",3
"Bộ phim không có gì đặc biệt, âm nhạc phù hợp, không khen không chê.",3
"Xem xong không tệ, cảnh quay đẹp, không có gì nổi bật.",3
"Tác phẩm không có gì đặc biệt, âm nhạc phù hợp, không khen không chê.",3
"Phim này không có gì đặc biệt, cốt truyện dễ đoán, không có gì nổi bật.",3
"Xem phim không có gì đặc biệt, kịch bản đơn giản, không khen không chê.",3
"Phim này không có gì đặc biệt, diễn viên diễn ổn, không có gì nổi bật.",3
"Phim này không có gì đặc biệt, diễn viên diễn ổn, không khen không chê.",3
"Bộ phim không có gì đặc biệt, kịch bản đơn giản, không đáng để nhớ.",3
"Tác phẩm cũng được, cốt truyện dễ đoán, không đáng để nhớ.",3
"Bộ phim không để lại ấn tượng, âm nhạc phù hợp, không khen không chê.",3
"Tác phẩm không để lại ấn tượng, phim giải trí nhẹ nhàng, không khen không chê.",3
"Bộ phim cũng được, cảnh quay đẹp, không có gì nổi bật.",3
"Xem phim cũng được, phim giải trí nhẹ nhàng, không khen không chê.",3
"Bộ phim không tệ, cốt truyện dễ đoán, không có gì đặc sắc.",3
"Tác phẩm không để lại ấn tượng, cảnh quay đẹp, không khen không chê.",3
"Bộ phim không để lại ấn tượng, cảnh quay đẹp, không khen không chê.",3
"Xem phim không để lại ấn tượng, kịch bản đơn giản, không khen không chê.",3
"Phim này không tệ, phim giải trí nhẹ nhàng, không có gì nổi bật.",3
"Tác phẩm cũng được, phim giải trí nhẹ nhàng, không đáng để nhớ.",3
"Tác phẩm không quá hay, phim giải trí nhẹ nhàng, không khen không chê.",3
"Xem xong cũng được, cốt truyện dễ đoán, không đáng để nhớ.",3
"Xem xong không để lại ấn tượng, cốt truyện dễ đoán, không khen không chê.",3
"Xem xong không để lại ấn tượng, kịch bản đơn giản, không khen không chê.",3
"Xem xong không tệ, kịch bản đơn giản, không đáng để nhớ.",3
"Bộ phim không quá hay, cốt truyện dễ đoán, không đáng để nhớ.",3
"Xem phim không có gì đặc biệt, kịch bản đơn giản, không đáng để nhớ.",3
"Tác phẩm không có gì đặc biệt, cốt truyện dễ đoán, không đáng để nhớ.",3
"Bộ phim không để lại ấn tượng, kịch bản đơn giản, không có gì nổi bật.",3
"Bộ phim bình thường, phim giải trí nhẹ nhàng, không khen không chê.",3
"Xem xong không để lại ấn tượng, diễn viên diễn ổn, không có gì nổi bật.",3
"Xem phim không tệ, âm nhạc phù hợp, không đáng để nhớ.",3
"Xem phim bình thường, cốt truyện dễ đoán, không khen không chê.",3
"Xem phim không để lại ấn tượng, kịch bản đơn giản, không đáng để nhớ.",3
"Bộ phim không tệ, diễn viên diễn ổn, không đáng để nhớ.",3
"Xem phim không có gì đặc biệt, kịch bản đơn giản, không có gì nổi bật.",3
"Tác phẩm không có gì đặc biệt, diễn viên diễn ổn, không đáng để nhớ.",3
"Xem phim cũng được, cốt truyện dễ đoán, không đáng để nhớ.",3
"Bộ phim cũng được, âm nhạc phù hợp, không đáng để nhớ.",3
"Xem phim bình thường, cốt truyện dễ đoán, không đáng để nhớ.",3
"Tác phẩm cũng được, diễn viên diễn ổn, không khen không chê.",3
"Bộ phim không quá hay, phim giải trí nhẹ nhàng, không có gì nổi bật.",3
"Xem xong bình thường, âm nhạc phù hợp, không đáng để nhớ.",3
"Xem xong không để lại ấn tượng, phim giải trí nhẹ nhàng, không có gì đặc sắc.",3
"Bộ phim bình thường, kịch bản đơn giản, không khen không chê.",3
"Phim này không có gì đặc biệt, kịch bản đơn giản, không khen không chê.",3
"Tác phẩm không có gì đặc biệt, cốt truyện dễ đoán, không có gì nổi bật.",3
"Tác phẩm không có gì đặc biệt, cốt truyện dễ đoán, không đáng để nhớ.",3
"Xem phim không để lại ấn tượng, âm nhạc phù hợp, không khen không chê.",3
"Xem phim không để lại ấn tượng, kịch bản đơn giản, không có gì đặc sắc.",3
"Bộ phim không để lại ấn tượng, cảnh quay đẹp, không có gì đặc sắc.",3
"Phim này không quá hay, âm nhạc phù hợp, không có gì đặc sắc.",3
"Phim này không quá hay, cốt truyện dễ đoán, không có gì đặc sắc.",3
"Xem xong không tệ, cảnh quay đẹp, không có gì nổi bật.",3
"Xem phim không quá hay, cốt truyện dễ đoán, không có gì đặc sắc.",3
"Xem xong cũng được, diễn viên diễn ổn, không khen không chê.",3
"Bộ phim không quá hay, cốt truyện dễ đoán, không có gì nổi bật.",3
"Phim này không tệ, kịch bản đơn giản, không có gì đặc sắc.",3
"Phim này không để lại ấn tượng, cốt truyện dễ đoán, không có gì đặc sắc.",3
"Tác phẩm không để lại ấn tượng, phim giải trí nhẹ nhàng, không có gì nổi bật.",3
"Xem xong bình thường, âm nhạc phù hợp, không khen không chê.",3
"Xem phim bình thường, phim giải trí nhẹ nhàng, không đáng để nhớ.",3
"Bộ phim bình thường, phim giải trí nhẹ nhàng, không khen không chê.",3
"Bộ phim không quá hay, âm nhạc phù hợp, không đáng để nhớ.",3
"Xem phim cũng được, cốt truyện dễ đoán, không đáng để nhớ.",3
"Xem phim không tệ, âm nhạc phù hợp, không đáng để nhớ.",3
"Xem phim không để lại ấn tượng, diễn viên diễn ổn, không có gì nổi bật.",3
"Xem xong bình thường, phim giải trí nhẹ nhàng, không đáng để nhớ.",3
"Xem phim không để lại ấn tượng, kịch bản đơn giản, không có gì đặc sắc.",3
"Tác phẩm không có gì đặc biệt, cốt truyện dễ đoán, không có gì đặc sắc.",3
"Xem xong không có gì đặc biệt, diễn viên diễn ổn, không có gì đặc sắc.",3
"Phim này không có gì đặc biệt, phim giải trí nhẹ nhàng, không có gì đặc sắc.",3
"Tác phẩm bình thường, diễn viên diễn ổn, không khen không chê.",3
"Xem phim không quá hay, diễn viên diễn ổn, không khen không chê.",3
"Tác phẩm bình thường, kịch bản đơn giản, không có gì nổi bật.",3
"Tác phẩm cũng được, âm nhạc phù hợp, không khen không chê.",3
"Bộ phim không có gì đặc biệt, diễn viên diễn ổn, không có gì nổi bật.",3
"Bộ phim không để lại ấn tượng, phim giải trí nhẹ nhàng, không có gì nổi bật.",3
"Xem xong không tệ, cốt truyện dễ đoán, không khen không chê.",3
"Tác phẩm không tệ, cảnh quay đẹp, không đáng để nhớ.",3
"Xem xong không để lại ấn tượng, diễn viên diễn ổn, không có gì nổi bật.",3
"Bộ phim bình thường, âm nhạc phù hợp, không có gì nổi bật.",3
"Tác phẩm không quá hay, diễn viên diễn ổn, không có gì nổi bật.",3
"Xem phim bình thường, âm nhạc phù hợp, không khen không chê.",3
"Xem xong cũng được, cảnh quay đẹp, không có gì nổi bật.",3
"Xem phim không có gì đặc biệt, cảnh quay đẹp, không đáng để nhớ.",3
"Xem xong không quá hay, phim giải trí nhẹ nhàng, không khen không chê.",3
"Bộ phim không có gì đặc biệt, kịch bản đơn giản, không có gì đặc sắc.",3
"Xem xong không tệ, diễn viên diễn ổn, không khen không chê.",3
"Xem phim không có gì đặc biệt, kịch bản đơn giản, không có gì nổi bật.",3
"Bộ phim không tệ, diễn viên diễn ổn, không có gì nổi bật.",3
"Tác phẩm cũng được, cảnh quay đẹp, không khen không chê.",3
"Tác phẩm không để lại ấn tượng, phim giải trí nhẹ nhàng, không đáng để nhớ.",3
"Xem xong không tệ, kịch bản đơn giản, không có gì nổi bật.",3
"Xem phim không quá hay, cảnh quay đẹp, không khen không chê.",3
"Phim này không có gì đặc biệt, âm nhạc phù hợp, không có gì nổi bật.",3
"Xem xong không có gì đặc biệt, cảnh quay đẹp, không có gì đặc sắc.",3
"Xem xong không để lại ấn tượng, phim giải trí nhẹ nhàng, không có gì đặc sắc.",3
"Xem xong không quá hay, âm nhạc phù hợp, không có gì nổi bật.",3
"Tác phẩm không quá hay, cốt truyện dễ đoán, không đáng để nhớ.",3
"Phim này không để lại ấn tượng, kịch bản đơn giản, không đáng để nhớ.",3
"Phim này không có gì đặc biệt, cốt truyện dễ đoán, không có gì đặc sắc.",3
"Tác phẩm không quá hay, diễn viên diễn ổn, không đáng để nhớ.",3
"Xem phim không quá hay, cốt truyện dễ đoán, không khen không chê.",3
"Phim này không quá hay, kịch bản đơn giản, không có gì đặc sắc.",3
"Phim này không quá hay, cốt truyện dễ đoán, không có gì đặc sắc.",3
"Xem xong không để lại ấn tượng, cảnh quay đẹp, không khen không chê.",3
"Tác phẩm không để lại ấn tượng, cảnh quay đẹp, không có gì đặc sắc.",3
"Tác phẩm bình thường, phim giải trí nhẹ nhàng, không có gì nổi bật.",3
"Xem phim cũng được, cảnh quay đẹp, không có gì nổi bật.",3
"Bộ phim không tệ, kịch bản đơn giản, không khen không chê.",3
"Bộ phim không để lại ấn tượng, diễn viên diễn ổn, không có gì nổi bật.",3
"Xem xong không quá hay, cảnh quay đẹp, không khen không chê.",3
"Xem xong không tệ, cốt truyện dễ đoán, không có gì nổi bật.",3
"Phim này không để lại ấn tượng, cốt truyện dễ đoán, không có gì đặc sắc.",3
"Xem xong bình thường, cảnh quay đẹp, không có gì nổi bật.",3
"Xem phim không có gì đặc biệt, cốt truyện dễ đoán, không có gì nổi bật.",3
"Xem xong cũng được, kịch bản đơn giản, không khen không chê.",3
"Phim này không quá hay, âm nhạc phù hợp, không đáng để nhớ.",3
"Tác phẩm không quá hay, diễn viên diễn ổn, không đáng để nhớ.",3
"Xem phim không để lại ấn tượng, diễn viên diễn ổn, không có gì đặc sắc.",3
"Bộ phim không có gì đặc biệt, diễn viên diễn ổn, không có gì đặc sắc.",3
"Tác phẩm không quá hay, diễn viên diễn ổn, không khen không chê.",3
"Tác phẩm không để lại ấn tượng, cảnh quay đẹp, không có gì nổi bật.",3
"Phim này không quá hay, cốt truyện dễ đoán, không khen không chê.",3
"Phim này không tệ, kịch bản đơn giản, không có gì nổi bật.",3
"Bộ phim không để lại ấn tượng, cốt truyện dễ đoán, không khen không chê.",3
"Bộ phim không để lại ấn tượng, phim giải trí nhẹ nhàng, không có gì đặc sắc.",3
"Xem xong không có gì đặc biệt, diễn viên diễn ổn, không có gì đặc sắc.",3
"Xem xong không tệ, phim giải trí nhẹ nhàng, không có gì nổi bật.",3
"Xem phim không tệ, âm nhạc phù hợp, không có gì nổi bật.",3
"Xem xong không quá hay, kịch bản đơn giản, không có gì nổi bật.",3
"Tác phẩm không để lại ấn tượng, cốt truyện dễ đoán, không có gì đặc sắc.",3
"Xem phim không để lại ấn tượng, kịch bản đơn giản, không đáng để nhớ.",3
"Tác phẩm bình thường, phim giải trí nhẹ nhàng, không có gì nổi bật.",3
"Bộ phim bình thường, kịch bản đơn giản, không có gì nổi bật.",3
"Xem phim không để lại ấn tượng, cảnh quay đẹp, không có gì nổi bật.",3
"Bộ phim bình thường, diễn viên diễn ổn, không đáng để nhớ.",3
"Xem phim không có gì đặc biệt, diễn viên diễn ổn, không có gì nổi bật.",3
"Phim này không để lại ấn tượng, âm nhạc phù hợp, không có gì đặc sắc.",3
"Tác phẩm bình thường, diễn viên diễn ổn, không đáng để nhớ.",3
"Xem xong bình thường, âm nhạc phù hợp, không đáng để nhớ.",3
"Bộ phim không có gì đặc biệt, cốt truyện dễ đoán, không có gì đặc sắc.",3
"Tác phẩm không tệ, cốt truyện dễ đoán, không đáng để nhớ.",3
"Phim này bình thường, cốt truyện dễ đoán, không khen không chê.",3
"Tác phẩm bình thường, cốt truyện dễ đoán, không có gì nổi bật.",3
"Xem phim không có gì đặc biệt, phim giải trí nhẹ nhàng, không khen không chê.",3
"Xem phim không tệ, cảnh quay đẹp, không đáng để nhớ.",3
"Bộ phim không tệ, phim giải trí nhẹ nhàng, không có gì đặc sắc.",3
"Xem phim không quá hay, âm nhạc phù hợp, không đáng để nhớ.",3
"Xem phim cũng được, cảnh quay đẹp, không khen không chê.",3
"Xem xong không tệ, kịch bản đơn giản, không đáng để nhớ.",3
"Phim này bình thường, kịch bản đơn giản, không khen không chê.",3
"Xem phim cũng được, kịch bản đơn giản, không có gì nổi bật.",3
"Tác phẩm không có gì đặc biệt, cảnh quay đẹp, không có gì nổi bật.",3
